,Model,MAE,MSE,R2,Bias,Variance,RSS,Model Family
0,"RandomForestRegressor(criterion='mae', n_jobs=-1, verbose=2)",3.4247999777753084,151.20201127069674,0.9860748439516167,26.178245003611515,0.9984370917038189,7085530280560.022,RandomForestRegressor
1,"SVR(C=20, epsilon=0, kernel='linear')",6.132815819685517,588.7384091700125,0.9368600481106242,871.1861720572824,0.9479879535225231,6589225156214.253,SVR
2,"RandomForestRegressor(max_features='log2', n_jobs=-1)",3.2814930620598055,137.08728999390533,0.9871979570987878,28.52696105961171,0.9982968673377932,7036953198710.332,RandomForestRegressor
3,Ridge(alpha=1),6.87074537029446,580.5369190442858,0.9440009082746814,787.2850081891063,0.9529970679628048,6926396948917.307,Ridge
4,ElasticNet(alpha=0.1),7.628666559816443,671.0196120810443,0.9342551984116745,910.2198050063205,0.9456575456301022,6874424930515.0205,ElasticNet
5,Lasso(alpha=1),6.655139470486812,363.33751926134255,0.9640891936231921,438.52704913635233,0.9738188116468278,6845687255761.122,Lasso
6,"LinearSVR(C=1, epsilon=0)",6.131380992936892,593.8966292726622,0.9356933894731669,880.1939131519173,0.9474501683010648,6560485364715.9,LinearSVR
