,feature_selection__k,feature_selection__score_func,neg_mean_squared_error,r2
0,20,<function mutual_info_regression at 0x7fe9b65c4160>,-2223.6495161403973,0.8790729590609292
1,30,<function mutual_info_regression at 0x7fe9b65c4160>,-1441.0487538677776,0.8996643720776152
2,50,<function mutual_info_regression at 0x7fe9b65c4160>,-1605.1783289994605,0.9288797165466253
3,all,<function mutual_info_regression at 0x7fe9b65c4160>,-2.7130880542193347e+18,-476579333125305.3
