,feature_selection__k,feature_selection__score_func,neg_mean_squared_error,r2
0,20,<function mutual_info_regression at 0x7fd184a851f0>,-2427.833087260286,0.8986008765383089
1,30,<function mutual_info_regression at 0x7fd184a851f0>,-1514.5059966079311,0.9201817802542838
2,50,<function mutual_info_regression at 0x7fd184a851f0>,-1597.1316026452726,0.9342843174370989
3,all,<function mutual_info_regression at 0x7fd184a851f0>,-5.999927507517867e+18,-173802746917880.22
