,alpha,neg_mean_squared_error,r2
0,0.1,-1468.3002663144302,0.9379571997321772
1,0.2,-1452.1419397208865,0.936170649335718
2,0.3,-1463.0692754644847,0.934060972506073
3,0.4,-1472.9055107799536,0.932100769446896
4,0.5,-1471.067355672497,0.9304698815015755
5,0.6,-1468.6316601127114,0.9285133760626527
6,0.7,-1474.6386257546774,0.926234484300006
7,0.8,-1481.6752229898568,0.9239229415073439
8,0.9,-1488.220794671993,0.9216622494641022
9,1.0,-1496.3524471212759,0.9198425347153776
