,feature_selection__k,neg_mean_squared_error,r2
0,20,-15402.440013880187,0.31459033739111514
1,30,-15439.692792385911,0.31372240305134325
2,50,-17011.10132886767,0.22600517334348177
